<?xml version="1.0" encoding="UTF-8"?>
<Configuration status="debug" name="axis2" packages="">
    <Appenders>
        <Console name="Console" target="SYSTEM_OUT">
            <PatternLayout pattern="%d{HH:mm:ss.SSS} [%t] %-5level %logger{36} - %msg%n"/>
        </Console>
    </Appenders>
    <Loggers>
        <!-- Logger name="org.apache.axis2" level="debug" additivity="false" >
            <AppenderRef ref="Console"/>
        </Logger -->
        <Root level="info">
            <AppenderRef ref="Console"/>
        </Root>
    </Loggers>
</Configuration>
